-- ================================================================
-- PROYECTO FINAL: VitalPet Veterinaria S.A.S.
-- Asignatura: Bases de Datos Avanzadas
-- Equipo: [Nombres completos y codigos estudiantiles]
-- Fecha: [Fecha de entrega]
-- Herramienta: Oracle Live SQL (livesql.oracle.com)
-- Ejecutar con F5 (Run Script) de principio a fin, sin modificaciones.
-- ================================================================
--
-- CUADRO DE MANDO DE AUTOEVALUACION
-- #  | Componente  | Entregable                                | Objeto en este script          | Avance
-- 1  | A - DDL     | 3+ tablas con FK y CHECK                  | 7 tablas + tipo t_consulta     | [X] Listo
-- 2  | A - DDL     | Script de limpieza (DROP)                 | BLOQUE 0                       | [X] Listo
-- 3  | A - DDL     | 10+ filas por tabla principal            | INSERTs Componente A           | [X] Listo
-- 4  | B - ACID    | Bloque NOWAIT con PRAGMA (-54)            | recurso_ocupado                | [X] Listo
-- 5  | B - ACID    | Bloque WAIT n con PRAGMA (-30006)         | timeout_expirado               | [X] Listo
-- 6  | B - ACID    | COMMIT y ROLLBACK en cada escenario       | ambos bloques                  | [X] Listo
-- 7  | C - PL/SQL  | Trigger BEFORE INSERT con :NEW y RAISE    | trg_validar_stock_medicamento  | [X] Listo
-- 8  | C - PL/SQL  | Prueba del Trigger (caso OK y caso falla) | Pruebas 1 y 2                  | [X] Listo
-- 9  | C - PL/SQL  | Procedure con 2+ DML y EXCEPTION          | registrar_atencion             | [X] Listo
-- 10 | D - Vistas  | Vista de seguridad sin columnas sensibles | v_catalogo_medicamentos       | [X] Listo
-- 11 | D - Vistas  | Vista de reporte con JOIN + GROUP BY      | v_ingresos_por_veterinario     | [X] Listo
-- 12 | Transversal | Archivo .sql unico que corre con F5       | este archivo                   | [X] Listo
-- ================================================================

SET SERVEROUTPUT ON;

-- ================================================================
-- BLOQUE 0: LIMPIEZA (permite re-ejecucion segura)
-- DROP en orden inverso a la creacion (hijos antes que padres, tipo al final)
-- ================================================================
BEGIN EXECUTE IMMEDIATE 'DROP TABLE log_auditoria CASCADE CONSTRAINTS'; EXCEPTION WHEN OTHERS THEN NULL; END;
/
BEGIN EXECUTE IMMEDIATE 'DROP TABLE medicamentos_consulta CASCADE CONSTRAINTS'; EXCEPTION WHEN OTHERS THEN NULL; END;
/
BEGIN EXECUTE IMMEDIATE 'DROP TABLE consultas CASCADE CONSTRAINTS'; EXCEPTION WHEN OTHERS THEN NULL; END;
/
BEGIN EXECUTE IMMEDIATE 'DROP TABLE mascotas CASCADE CONSTRAINTS'; EXCEPTION WHEN OTHERS THEN NULL; END;
/
BEGIN EXECUTE IMMEDIATE 'DROP TABLE medicamentos CASCADE CONSTRAINTS'; EXCEPTION WHEN OTHERS THEN NULL; END;
/
BEGIN EXECUTE IMMEDIATE 'DROP TABLE veterinarios CASCADE CONSTRAINTS'; EXCEPTION WHEN OTHERS THEN NULL; END;
/
BEGIN EXECUTE IMMEDIATE 'DROP TABLE duenos CASCADE CONSTRAINTS'; EXCEPTION WHEN OTHERS THEN NULL; END;
/
BEGIN EXECUTE IMMEDIATE 'DROP TYPE t_consulta FORCE'; EXCEPTION WHEN OTHERS THEN NULL; END;
/

-- ================================================================
-- COMPONENTE A: TABLAS Y DATOS (DDL + DML)            [25% de la nota]
-- ================================================================

-- ----------------------------------------------------------------
-- OBJETO: TYPE t_consulta
-- PROPOSITO: encapsular los datos clinicos de cada consulta en el servidor
-- AUTOR: [Arquitecto de Datos]
-- ----------------------------------------------------------------
CREATE OR REPLACE TYPE t_consulta AS OBJECT (
  temperatura     NUMBER(4,1),
  peso_registrado NUMBER(5,2),
  observaciones   VARCHAR2(200)
);
/

-- ----------------------------------------------------------------
-- OBJETO: TABLA duenos  (tabla padre, contiene datos personales sensibles)
-- ----------------------------------------------------------------
CREATE TABLE duenos (
  dueno_id NUMBER GENERATED BY DEFAULT AS IDENTITY PRIMARY KEY,
  nombre   VARCHAR2(100) NOT NULL,
  telefono VARCHAR2(15),
  email    VARCHAR2(100),
  ciudad   VARCHAR2(60)
);

-- ----------------------------------------------------------------
-- OBJETO: TABLA veterinarios  (tabla padre)
-- ----------------------------------------------------------------
CREATE TABLE veterinarios (
  vet_id       NUMBER GENERATED BY DEFAULT AS IDENTITY PRIMARY KEY,
  nombre       VARCHAR2(100) NOT NULL,
  especialidad VARCHAR2(60),
  tarifa_min   NUMBER(8,2) NOT NULL,
  CONSTRAINT chk_tarifa_positiva CHECK (tarifa_min > 0)
);

-- ----------------------------------------------------------------
-- OBJETO: TABLA mascotas  (hija de duenos)
-- ----------------------------------------------------------------
CREATE TABLE mascotas (
  mascota_id NUMBER GENERATED BY DEFAULT AS IDENTITY PRIMARY KEY,
  dueno_id   NUMBER NOT NULL,
  nombre     VARCHAR2(60) NOT NULL,
  especie    VARCHAR2(40) NOT NULL,
  peso_kg    NUMBER(5,2),
  CONSTRAINT chk_peso_positivo CHECK (peso_kg > 0),
  CONSTRAINT fk_mascota_dueno FOREIGN KEY (dueno_id) REFERENCES duenos(dueno_id)
);

-- ----------------------------------------------------------------
-- OBJETO: TABLA medicamentos  (inventario: habilita stock, concurrencia y trigger)
-- ----------------------------------------------------------------
CREATE TABLE medicamentos (
  medicamento_id NUMBER GENERATED BY DEFAULT AS IDENTITY PRIMARY KEY,
  nombre        VARCHAR2(100) NOT NULL,
  categoria     VARCHAR2(40) NOT NULL,
  stock         NUMBER NOT NULL,
  precio_venta  NUMBER(10,2) NOT NULL,
  costo_interno NUMBER(10,2) NOT NULL,   -- DATO SENSIBLE: no se expone al cliente
  stock_minimo  NUMBER DEFAULT 5,        -- DEFAULT logico de negocio
  CONSTRAINT chk_stock_no_negativo CHECK (stock >= 0),
  CONSTRAINT chk_precio_venta_positivo CHECK (precio_venta > 0)
);

-- ----------------------------------------------------------------
-- OBJETO: TABLA consultas  (hija de mascotas y veterinarios)
-- ----------------------------------------------------------------
CREATE TABLE consultas (
  consulta_id    NUMBER GENERATED BY DEFAULT AS IDENTITY PRIMARY KEY,
  mascota_id     NUMBER NOT NULL,
  vet_id         NUMBER NOT NULL,
  fecha          DATE DEFAULT SYSDATE,           -- DEFAULT logico
  diagnostico    VARCHAR2(300),
  estado         VARCHAR2(20) DEFAULT 'pendiente',
  total          NUMBER(12,2) DEFAULT 0,
  datos_consulta t_consulta,
  CONSTRAINT chk_estado_consulta CHECK (estado IN ('pendiente','atendida','cancelada')),
  CONSTRAINT fk_consulta_mascota FOREIGN KEY (mascota_id) REFERENCES mascotas(mascota_id),
  CONSTRAINT fk_consulta_vet     FOREIGN KEY (vet_id)     REFERENCES veterinarios(vet_id)
);

-- ----------------------------------------------------------------
-- OBJETO: TABLA medicamentos_consulta  (detalle: medicamentos recetados por consulta)
-- ----------------------------------------------------------------
CREATE TABLE medicamentos_consulta (
  medicamento_consulta_id NUMBER GENERATED BY DEFAULT AS IDENTITY PRIMARY KEY,
  consulta_id    NUMBER NOT NULL,
  medicamento_id NUMBER NOT NULL,
  cantidad       NUMBER NOT NULL,
  costo_unit     NUMBER(10,2) NOT NULL,
  CONSTRAINT chk_cantidad_positiva   CHECK (cantidad > 0),
  CONSTRAINT chk_costo_unit_positivo CHECK (costo_unit > 0),
  CONSTRAINT fk_medcons_consulta    FOREIGN KEY (consulta_id)    REFERENCES consultas(consulta_id),
  CONSTRAINT fk_medcons_medicamento FOREIGN KEY (medicamento_id) REFERENCES medicamentos(medicamento_id)
);

-- ----------------------------------------------------------------
-- OBJETO: TABLA log_auditoria  (historico de cambios de stock)
-- ----------------------------------------------------------------
CREATE TABLE log_auditoria (
  log_id        NUMBER GENERATED BY DEFAULT AS IDENTITY PRIMARY KEY,
  tabla_origen  VARCHAR2(50),
  campo         VARCHAR2(50),
  valor_antes   VARCHAR2(200),
  valor_despues VARCHAR2(200),
  operacion     VARCHAR2(20),
  fecha         DATE DEFAULT SYSDATE
);

-- ----------------------------------------------------------------
-- DATOS DE PRUEBA  (minimo 10 filas por tabla principal)
-- ----------------------------------------------------------------
-- duenos (10)
INSERT INTO duenos (nombre, telefono, email, ciudad) VALUES ('Sofia Gutierrez',  '3001112233', 'sofia@mail.com',    'Bogota');
INSERT INTO duenos (nombre, telefono, email, ciudad) VALUES ('Carlos Restrepo',  '3012223344', 'carlos@mail.com',   'Medellin');
INSERT INTO duenos (nombre, telefono, email, ciudad) VALUES ('Valentina Ospina', '3023334455', 'vale@mail.com',     'Cali');
INSERT INTO duenos (nombre, telefono, email, ciudad) VALUES ('Andres Morales',   '3034445566', 'andres@mail.com',   'Bogota');
INSERT INTO duenos (nombre, telefono, email, ciudad) VALUES ('Laura Jimenez',    '3045556677', 'laura@mail.com',    'Barranquilla');
INSERT INTO duenos (nombre, telefono, email, ciudad) VALUES ('Felipe Cardenas',  '3056667788', 'felipe@mail.com',   'Bucaramanga');
INSERT INTO duenos (nombre, telefono, email, ciudad) VALUES ('Daniela Rojas',    '3067778899', 'daniela@mail.com',  'Pereira');
INSERT INTO duenos (nombre, telefono, email, ciudad) VALUES ('Mateo Vargas',     '3078889900', 'mateo@mail.com',    'Bogota');
INSERT INTO duenos (nombre, telefono, email, ciudad) VALUES ('Camila Herrera',   '3089990011', 'camila@mail.com',   'Cali');
INSERT INTO duenos (nombre, telefono, email, ciudad) VALUES ('Santiago Diaz',    '3090001122', 'santiago@mail.com', 'Medellin');

-- veterinarios (10)
INSERT INTO veterinarios (nombre, especialidad, tarifa_min) VALUES ('Dr. Juan Perez',     'Medicina General', 45000);
INSERT INTO veterinarios (nombre, especialidad, tarifa_min) VALUES ('Dra. Ana Lopez',     'Cirugia',          90000);
INSERT INTO veterinarios (nombre, especialidad, tarifa_min) VALUES ('Dr. Pedro Gomez',    'Dermatologia',     60000);
INSERT INTO veterinarios (nombre, especialidad, tarifa_min) VALUES ('Dra. Maria Torres',  'Cardiologia',     110000);
INSERT INTO veterinarios (nombre, especialidad, tarifa_min) VALUES ('Dr. Luis Ramirez',   'Medicina General', 45000);
INSERT INTO veterinarios (nombre, especialidad, tarifa_min) VALUES ('Dra. Sofia Castro',  'Odontologia',      70000);
INSERT INTO veterinarios (nombre, especialidad, tarifa_min) VALUES ('Dr. Diego Mejia',    'Oncologia',       130000);
INSERT INTO veterinarios (nombre, especialidad, tarifa_min) VALUES ('Dra. Paula Nunez',   'Oftalmologia',     80000);
INSERT INTO veterinarios (nombre, especialidad, tarifa_min) VALUES ('Dr. Jorge Salazar',  'Traumatologia',    95000);
INSERT INTO veterinarios (nombre, especialidad, tarifa_min) VALUES ('Dra. Carolina Ruiz', 'Medicina General', 45000);

-- medicamentos (10)  -- precio_venta > costo_interno; stock holgado para las pruebas
INSERT INTO medicamentos (nombre, categoria, stock, precio_venta, costo_interno, stock_minimo) VALUES ('Amoxicilina 500mg',  'Antibiotico',     120, 18000,  9000, 20);
INSERT INTO medicamentos (nombre, categoria, stock, precio_venta, costo_interno, stock_minimo) VALUES ('Meloxicam 1.5mg',    'Antiinflamatorio', 80, 25000, 12000, 15);
INSERT INTO medicamentos (nombre, categoria, stock, precio_venta, costo_interno, stock_minimo) VALUES ('Ivermectina',        'Antiparasitario',  60, 15000,  7000, 10);
INSERT INTO medicamentos (nombre, categoria, stock, precio_venta, costo_interno, stock_minimo) VALUES ('Vacuna Antirrabica', 'Vacuna',           40, 55000, 28000,  8);
INSERT INTO medicamentos (nombre, categoria, stock, precio_venta, costo_interno, stock_minimo) VALUES ('Dexametasona',       'Corticoide',       50, 30000, 14000, 10);
INSERT INTO medicamentos (nombre, categoria, stock, precio_venta, costo_interno, stock_minimo) VALUES ('Omeprazol',          'Gastroprotector',  70, 12000,  6000, 12);
INSERT INTO medicamentos (nombre, categoria, stock, precio_venta, costo_interno, stock_minimo) VALUES ('Suero Fisiologico',  'Soporte',         200,  8000,  3500, 30);
INSERT INTO medicamentos (nombre, categoria, stock, precio_venta, costo_interno, stock_minimo) VALUES ('Tramadol',           'Analgesico',       30, 40000, 20000,  6);
INSERT INTO medicamentos (nombre, categoria, stock, precio_venta, costo_interno, stock_minimo) VALUES ('Shampoo Medicado',   'Dermatologico',    45, 22000, 10000,  8);
INSERT INTO medicamentos (nombre, categoria, stock, precio_venta, costo_interno, stock_minimo) VALUES ('Vitaminas B Complex','Suplemento',       90, 16000,  7500, 15);

-- mascotas (12)
INSERT INTO mascotas (dueno_id, nombre, especie, peso_kg) VALUES (1,  'Firulais', 'Perro',   18.5);
INSERT INTO mascotas (dueno_id, nombre, especie, peso_kg) VALUES (1,  'Michi',    'Gato',     4.2);
INSERT INTO mascotas (dueno_id, nombre, especie, peso_kg) VALUES (2,  'Rocky',    'Perro',   25.0);
INSERT INTO mascotas (dueno_id, nombre, especie, peso_kg) VALUES (3,  'Luna',     'Gato',     3.8);
INSERT INTO mascotas (dueno_id, nombre, especie, peso_kg) VALUES (4,  'Max',      'Perro',   30.2);
INSERT INTO mascotas (dueno_id, nombre, especie, peso_kg) VALUES (5,  'Nina',     'Perro',   12.1);
INSERT INTO mascotas (dueno_id, nombre, especie, peso_kg) VALUES (6,  'Simba',    'Gato',     5.0);
INSERT INTO mascotas (dueno_id, nombre, especie, peso_kg) VALUES (7,  'Toby',     'Perro',    8.7);
INSERT INTO mascotas (dueno_id, nombre, especie, peso_kg) VALUES (8,  'Coco',     'Ave',      0.4);
INSERT INTO mascotas (dueno_id, nombre, especie, peso_kg) VALUES (9,  'Pelusa',   'Conejo',   1.6);
INSERT INTO mascotas (dueno_id, nombre, especie, peso_kg) VALUES (10, 'Bruno',    'Perro',   22.3);
INSERT INTO mascotas (dueno_id, nombre, especie, peso_kg) VALUES (2,  'Kira',     'Gato',     4.9);

-- consultas (10)  -- registros historicos
INSERT INTO consultas (mascota_id, vet_id, diagnostico, estado, total, datos_consulta) VALUES (1,  1, 'Infeccion leve',  'atendida',  0, t_consulta(38.5, 18.5, 'Control general'));
INSERT INTO consultas (mascota_id, vet_id, diagnostico, estado, total, datos_consulta) VALUES (3,  2, 'Cirugia menor',   'atendida',  0, t_consulta(38.2, 25.0, 'Postoperatorio ok'));
INSERT INTO consultas (mascota_id, vet_id, diagnostico, estado, total, datos_consulta) VALUES (4,  3, 'Dermatitis',      'atendida',  0, t_consulta(38.8,  3.8, 'Aplicar shampoo'));
INSERT INTO consultas (mascota_id, vet_id, diagnostico, estado, total, datos_consulta) VALUES (5,  4, 'Soplo cardiaco',  'pendiente', 0, t_consulta(38.6, 30.2, 'Requiere ecografia'));
INSERT INTO consultas (mascota_id, vet_id, diagnostico, estado, total, datos_consulta) VALUES (6,  5, 'Desparasitacion', 'atendida',  0, t_consulta(38.4, 12.1, 'Rutina'));
INSERT INTO consultas (mascota_id, vet_id, diagnostico, estado, total, datos_consulta) VALUES (7,  6, 'Limpieza dental', 'atendida',  0, t_consulta(38.3,  5.0, 'Sin caries'));
INSERT INTO consultas (mascota_id, vet_id, diagnostico, estado, total, datos_consulta) VALUES (8,  1, 'Vacunacion',      'atendida',  0, t_consulta(38.5,  8.7, 'Antirrabica'));
INSERT INTO consultas (mascota_id, vet_id, diagnostico, estado, total, datos_consulta) VALUES (2,  3, 'Alergia',         'cancelada', 0, t_consulta(38.7,  4.2, 'Reprogramar'));
INSERT INTO consultas (mascota_id, vet_id, diagnostico, estado, total, datos_consulta) VALUES (11, 9, 'Fractura leve',   'atendida',  0, t_consulta(38.9, 22.3, 'Inmovilizar'));
INSERT INTO consultas (mascota_id, vet_id, diagnostico, estado, total, datos_consulta) VALUES (9,  8, 'Revision ocular', 'atendida',  0, t_consulta(38.5,  0.4, 'Control'));

-- medicamentos_consulta (12)  -- detalle historico (costo_unit = precio_venta del medicamento)
INSERT INTO medicamentos_consulta (consulta_id, medicamento_id, cantidad, costo_unit) VALUES (1,  1, 2, 18000);
INSERT INTO medicamentos_consulta (consulta_id, medicamento_id, cantidad, costo_unit) VALUES (1,  7, 1,  8000);
INSERT INTO medicamentos_consulta (consulta_id, medicamento_id, cantidad, costo_unit) VALUES (2,  8, 3, 40000);
INSERT INTO medicamentos_consulta (consulta_id, medicamento_id, cantidad, costo_unit) VALUES (2,  5, 1, 30000);
INSERT INTO medicamentos_consulta (consulta_id, medicamento_id, cantidad, costo_unit) VALUES (3,  9, 1, 22000);
INSERT INTO medicamentos_consulta (consulta_id, medicamento_id, cantidad, costo_unit) VALUES (3,  3, 2, 15000);
INSERT INTO medicamentos_consulta (consulta_id, medicamento_id, cantidad, costo_unit) VALUES (5,  3, 1, 15000);
INSERT INTO medicamentos_consulta (consulta_id, medicamento_id, cantidad, costo_unit) VALUES (6,  1, 1, 18000);
INSERT INTO medicamentos_consulta (consulta_id, medicamento_id, cantidad, costo_unit) VALUES (7,  4, 1, 55000);
INSERT INTO medicamentos_consulta (consulta_id, medicamento_id, cantidad, costo_unit) VALUES (9,  2, 2, 25000);
INSERT INTO medicamentos_consulta (consulta_id, medicamento_id, cantidad, costo_unit) VALUES (9,  8, 1, 40000);
INSERT INTO medicamentos_consulta (consulta_id, medicamento_id, cantidad, costo_unit) VALUES (10, 6, 1, 12000);

COMMIT;

-- ================================================================
-- COMPONENTE B: ACID Y CONTROL DE CONCURRENCIA        [25% de la nota]
-- NOTA: en una sola sesion (un solo F5) los bloques no chocan, por lo que
-- ambos obtienen el lock y hacen COMMIT. Para demostrar el bloqueo real,
-- abre dos ventanas SQL en Live SQL y ejecuta el primer SELECT ... FOR UPDATE
-- en una sin hacer COMMIT, y luego corre estos bloques en la otra.
-- ================================================================

-- ----------------------------------------------------------------
-- ESCENARIO 1: FOR UPDATE NOWAIT  (falla en 0 ms si la fila esta bloqueada)
-- ----------------------------------------------------------------
DECLARE
  v_nombre   medicamentos.nombre%TYPE;
  v_stock    medicamentos.stock%TYPE;
  v_cantidad NUMBER := 1;
  v_med_id   NUMBER := 1;
  recurso_ocupado EXCEPTION;
  PRAGMA EXCEPTION_INIT(recurso_ocupado, -54);  -- ORA-00054: resource busy (NOWAIT)
BEGIN
  DBMS_OUTPUT.PUT_LINE('=== ESCENARIO NOWAIT ===');
  SELECT nombre, stock INTO v_nombre, v_stock
  FROM medicamentos
  WHERE medicamento_id = v_med_id
  FOR UPDATE NOWAIT;                              -- lee y bloquea de forma atomica
  DBMS_OUTPUT.PUT_LINE('Lock obtenido: ' || v_nombre || ' | Stock: ' || v_stock);
  IF v_stock >= v_cantidad THEN
    UPDATE medicamentos SET stock = stock - v_cantidad WHERE medicamento_id = v_med_id;
    COMMIT;                                        -- persiste y libera el lock (Durabilidad)
    DBMS_OUTPUT.PUT_LINE('EXITO: descontada ' || v_cantidad || ' unidad. Stock: ' || (v_stock - v_cantidad));
  ELSE
    ROLLBACK;
    DBMS_OUTPUT.PUT_LINE('RECHAZADO: stock insuficiente.');
  END IF;
EXCEPTION
  WHEN recurso_ocupado THEN
    ROLLBACK;                                      -- Atomicidad
    DBMS_OUTPUT.PUT_LINE('ALERTA: medicamento en uso por otra transaccion (ORA-00054). Reintenta.');
  WHEN OTHERS THEN
    ROLLBACK;
    DBMS_OUTPUT.PUT_LINE('ERROR CRITICO: ' || SQLERRM);
END;
/

-- ----------------------------------------------------------------
-- ESCENARIO 2: FOR UPDATE WAIT 3  (espera 3 s; si no se libera, ORA-30006)
-- ----------------------------------------------------------------
DECLARE
  v_stock  medicamentos.stock%TYPE;
  v_med_id NUMBER := 1;
  timeout_expirado EXCEPTION;
  PRAGMA EXCEPTION_INIT(timeout_expirado, -30006); -- ORA-30006: WAIT timeout expired
BEGIN
  DBMS_OUTPUT.PUT_LINE('=== ESCENARIO WAIT 3 ===');
  SELECT stock INTO v_stock
  FROM medicamentos
  WHERE medicamento_id = v_med_id
  FOR UPDATE WAIT 3;                               -- espera hasta 3 s por el lock
  DBMS_OUTPUT.PUT_LINE('Lock obtenido en menos de 3 s. Stock actual: ' || v_stock);
  COMMIT;
  DBMS_OUTPUT.PUT_LINE('Operacion completada. Lock liberado.');
EXCEPTION
  WHEN timeout_expirado THEN
    ROLLBACK;
    DBMS_OUTPUT.PUT_LINE('TIMEOUT: el recurso no se libero en 3 segundos (ORA-30006).');
  WHEN OTHERS THEN
    ROLLBACK;
    DBMS_OUTPUT.PUT_LINE('ERROR: ' || SQLERRM);
END;
/

-- ================================================================
-- COMPONENTE C: PL/SQL (Trigger + Procedure)          [30% de la nota]
-- ================================================================

-- ----------------------------------------------------------------
-- OBJETO: TRIGGER trg_validar_stock_medicamento
-- PROPOSITO: impedir recetar mas medicamento del que hay en inventario
-- TABLAS AFECTADAS: lee medicamentos / valida insert en medicamentos_consulta
-- EXCEPCIONES: -20001 stock insuficiente / -20002 medicamento inexistente
-- ----------------------------------------------------------------
CREATE OR REPLACE TRIGGER trg_validar_stock_medicamento
  BEFORE INSERT ON medicamentos_consulta
  FOR EACH ROW
DECLARE
  v_stock  medicamentos.stock%TYPE;
  v_nombre medicamentos.nombre%TYPE;
BEGIN
  -- :NEW.medicamento_id = valor que se intenta insertar
  SELECT stock, nombre INTO v_stock, v_nombre
  FROM medicamentos
  WHERE medicamento_id = :NEW.medicamento_id;

  IF v_stock < :NEW.cantidad THEN
    RAISE_APPLICATION_ERROR(-20001,
      'Stock insuficiente de ' || v_nombre ||
      '. Disponible: ' || v_stock || ' / Solicitado: ' || :NEW.cantidad);
  END IF;
EXCEPTION
  WHEN NO_DATA_FOUND THEN
    RAISE_APPLICATION_ERROR(-20002, 'El medicamento ID ' || :NEW.medicamento_id || ' no existe.');
END;
/

-- ----------------------------------------------------------------
-- OBJETO: TRIGGER trg_auditar_stock  (BONUS: auditoria)
-- PROPOSITO: registrar en log_auditoria cada cambio de stock
-- ----------------------------------------------------------------
CREATE OR REPLACE TRIGGER trg_auditar_stock
  AFTER UPDATE OF stock ON medicamentos
  FOR EACH ROW
BEGIN
  INSERT INTO log_auditoria (tabla_origen, campo, valor_antes, valor_despues, operacion)
  VALUES ('MEDICAMENTOS', 'stock', TO_CHAR(:OLD.stock), TO_CHAR(:NEW.stock), 'UPDATE');
END;
/

-- PRUEBA 1 del Trigger: receta valida (hay stock suficiente)
INSERT INTO medicamentos_consulta (consulta_id, medicamento_id, cantidad, costo_unit)
VALUES (1, 7, 5, 8000);   -- 5 sueros (hay 200): debe funcionar
COMMIT;
BEGIN DBMS_OUTPUT.PUT_LINE('Prueba 1 OK: receta valida insertada.'); END;
/

-- PRUEBA 2 del Trigger: receta invalida (stock insuficiente)
BEGIN
  INSERT INTO medicamentos_consulta (consulta_id, medicamento_id, cantidad, costo_unit)
  VALUES (1, 8, 9999, 40000);  -- 9999 tramadol (solo hay 30): debe FALLAR
  DBMS_OUTPUT.PUT_LINE('ERROR: el trigger no rechazo la receta!');
EXCEPTION
  WHEN OTHERS THEN
    DBMS_OUTPUT.PUT_LINE('Prueba 2 OK - Trigger funciona: ' || SQLERRM);
END;
/

-- ----------------------------------------------------------------
-- OBJETO: PROCEDURE registrar_atencion
-- PROPOSITO: crear una consulta, recetar un medicamento, descontar stock y calcular total
-- PARAMETROS: p_mascota_id, p_vet_id, p_medicamento_id, p_cantidad (todos IN)
-- TABLAS AFECTADAS: consultas (INSERT/UPDATE), medicamentos_consulta (INSERT), medicamentos (UPDATE)
-- EXCEPCIONES: -20010 sin stock / NO_DATA_FOUND medicamento no encontrado
-- GARANTIA: si cualquier paso falla, ROLLBACK revierte todo (Atomicidad)
-- ----------------------------------------------------------------
CREATE OR REPLACE PROCEDURE registrar_atencion(
  p_mascota_id     IN NUMBER,
  p_vet_id         IN NUMBER,
  p_medicamento_id IN NUMBER,
  p_cantidad       IN NUMBER
)
IS
  v_nombre   medicamentos.nombre%TYPE;
  v_precio   medicamentos.precio_venta%TYPE;
  v_stock    medicamentos.stock%TYPE;
  v_consulta consultas.consulta_id%TYPE;
BEGIN
  -- Paso 1: obtener datos del medicamento
  SELECT nombre, precio_venta, stock
  INTO v_nombre, v_precio, v_stock
  FROM medicamentos
  WHERE medicamento_id = p_medicamento_id;

  -- Paso 2: validacion de negocio (el trigger tambien la refuerza)
  IF v_stock < p_cantidad THEN  -- no se receta mas de lo que hay (regla de negocio)
    RAISE_APPLICATION_ERROR(-20010,
      'No hay stock de ' || v_nombre || ' (disponible: ' || v_stock || ').');
  END IF;

  -- Paso 3: crear la cabecera de la consulta
  INSERT INTO consultas (mascota_id, vet_id, diagnostico, estado, datos_consulta)
  VALUES (p_mascota_id, p_vet_id, 'Atencion con formula medica', 'atendida',
          t_consulta(38.5, NULL, 'Generada por el procedimiento'))
  RETURNING consulta_id INTO v_consulta;  -- captura el ID autogenerado

  -- Paso 4: registrar el medicamento recetado (dispara el trigger de validacion)
  INSERT INTO medicamentos_consulta (consulta_id, medicamento_id, cantidad, costo_unit)
  VALUES (v_consulta, p_medicamento_id, p_cantidad, v_precio);

  -- Paso 5: descontar el stock (dispara el trigger de auditoria)
  UPDATE medicamentos SET stock = stock - p_cantidad
  WHERE medicamento_id = p_medicamento_id;

  -- Paso 6: calcular el total de la consulta
  UPDATE consultas SET total = p_cantidad * v_precio
  WHERE consulta_id = v_consulta;

  -- Paso 7: confirmar todos los cambios (Durabilidad)
  COMMIT;
  DBMS_OUTPUT.PUT_LINE('Consulta #' || v_consulta || ' registrada: ' ||
    p_cantidad || ' x ' || v_nombre || ' (Total: ' || (p_cantidad * v_precio) || ')');
EXCEPTION
  WHEN NO_DATA_FOUND THEN
    ROLLBACK;
    DBMS_OUTPUT.PUT_LINE('ERROR: medicamento no encontrado.');
  WHEN OTHERS THEN
    ROLLBACK;  -- Atomicidad: revierte cualquier cambio parcial
    DBMS_OUTPUT.PUT_LINE('ERROR: ' || SQLERRM);
END;
/

-- PRUEBA del Procedure: caso exitoso
BEGIN
  registrar_atencion(p_mascota_id => 1, p_vet_id => 1, p_medicamento_id => 1, p_cantidad => 3);
END;
/

-- PRUEBA del Procedure: caso fallido (stock insuficiente -> ROLLBACK)
BEGIN
  registrar_atencion(p_mascota_id => 2, p_vet_id => 2, p_medicamento_id => 8, p_cantidad => 9999);
END;
/

-- ================================================================
-- COMPONENTE D: SEGURIDAD Y REPORTES (Vistas)         [20% de la nota]
-- ================================================================

-- ----------------------------------------------------------------
-- OBJETO: VISTA v_catalogo_medicamentos  (vista de SEGURIDAD)
-- PROPOSITO: exponer el catalogo al cliente/recepcion sin datos sensibles
-- OCULTA: costo_interno (margen) y stock_minimo (dato logistico interno)
-- ----------------------------------------------------------------
CREATE OR REPLACE VIEW v_catalogo_medicamentos AS
SELECT
  medicamento_id,
  nombre AS medicamento,
  categoria,
  precio_venta,
  CASE
    WHEN stock = 0 THEN 'Agotado'
    WHEN stock < 5 THEN 'Pocas unidades'
    ELSE 'Disponible'
  END AS disponibilidad
  -- costo_interno y stock_minimo NO se incluyen (comercialmente sensibles)
FROM medicamentos;

-- ----------------------------------------------------------------
-- OBJETO: VISTA v_ingresos_por_veterinario  (vista de REPORTE)
-- PROPOSITO: responder "que veterinario genera mas ingresos por formulas y cuantas consultas atiende"
-- TECNICA: JOIN de 3 tablas + GROUP BY + SUM + COUNT + AVG + MAX
-- ----------------------------------------------------------------
CREATE OR REPLACE VIEW v_ingresos_por_veterinario AS
SELECT
  vt.nombre        AS veterinario,
  vt.especialidad,
  COUNT(DISTINCT c.consulta_id)        AS total_consultas,
  SUM(mc.cantidad)                     AS unidades_medicamento,
  SUM(mc.cantidad * mc.costo_unit)     AS ingreso_generado,
  ROUND(AVG(mc.cantidad), 1)           AS promedio_unidades,
  MAX(c.fecha)                         AS ultima_atencion
FROM veterinarios vt
JOIN consultas c              ON vt.vet_id = c.vet_id
JOIN medicamentos_consulta mc ON c.consulta_id = mc.consulta_id
WHERE c.estado <> 'cancelada'   -- excluir consultas canceladas del reporte
GROUP BY vt.nombre, vt.especialidad
ORDER BY ingreso_generado DESC;

-- Consultas de verificacion de las vistas
SELECT * FROM v_catalogo_medicamentos;
SELECT * FROM v_ingresos_por_veterinario;

-- Filtrar sobre la vista de reporte (demuestra que es consultable como una tabla)
SELECT veterinario, ingreso_generado
FROM v_ingresos_por_veterinario
WHERE total_consultas >= 1;

-- ================================================================
-- VERIFICACION FINAL
-- ================================================================
SELECT object_name, object_type, status
FROM user_objects
WHERE object_type IN ('TABLE','TRIGGER','PROCEDURE','VIEW','TYPE')
ORDER BY object_type, object_name;
-- Resultado esperado: STATUS = VALID para todos los objetos

-- Query de autoevaluacion: debe devolver 0 filas
SELECT object_name, object_type, status
FROM user_objects
WHERE object_type IN ('TABLE','TRIGGER','PROCEDURE','VIEW','TYPE')
  AND status = 'INVALID';
